"","slope_binary","yhat"
"1",0,4.28147349510716
"2",1,4.24813239028229
