"","slope_binary","yhat"
"1",0,5.64568583503291
"2",1,5.47979255595194
