"","slope_binary","yhat"
"1",0,4.28364669407758
"2",1,4.25591591930655
