"method","ranking","estimate","std.err"
"aipw","Q1",-0.269180982945548,0.18514545000627
"aipw","Q2",-0.032927521018646,0.183838612224283
"aipw","Q3",-0.180354295544888,0.183065511992682
"aipw","Q4",-0.213499694230264,0.179683003616853
