"method","ranking","estimate","std.err"
"aipw","Q1",-0.457017818381973,0.0525920627911292
"aipw","Q2",-0.190818697293383,0.0527547716214492
"aipw","Q3",-0.440455208724313,0.0522734589640345
"aipw","Q4",-0.465642894600697,0.0473481676540062
