"method","ranking","estimate","std.err"
"aipw","Q1",-0.343417113272184,0.188718391708514
"aipw","Q2",0.0250675429505643,0.182773622796596
"aipw","Q3",-0.0903391916964483,0.176651047706815
"aipw","Q4",-0.276980785488515,0.187959762430264
