"","slope_binary_60percent","yhat"
"1",0,6.63820067516044
"2",1,6.6365169077621
