"method","ranking","estimate","std.err"
"aipw","Q1",0.194845994593229,0.221596845797228
"aipw","Q2",-0.0656236400786942,0.177335920998558
"aipw","Q3",0.16693391398472,0.194960989277017
"aipw","Q4",-0.0101000250641092,0.196249903608871
