"method","ranking","estimate","std.err"
"aipw","Q1",0.0593263662354709,0.0387211553138989
"aipw","Q2",0.176719865767394,0.0359915840715339
"aipw","Q3",0.144769269221966,0.0372176818631066
"aipw","Q4",0.284831160589407,0.0429507472517285
