"method","ranking","estimate","std.err"
"aipw","Q1",-0.013185343903441,0.046721993727342
"aipw","Q2",0.115163733857276,0.0353382934206391
"aipw","Q3",0.164356473066424,0.0416463137766336
"aipw","Q4",0.276940722846982,0.042765464242694
