"","slope_binary_60percent","yhat"
"1",0,4.28208851365677
"2",1,4.25448886136433
