"","slope_binary_60percent","yhat"
"1",0,4.28548772698153
"2",1,4.27000831572573
