"method","ranking","estimate","std.err"
"aipw","Q1",-0.483900911329123,0.17914742132296
"aipw","Q2",-0.305304499047567,0.167032775393027
"aipw","Q3",0.171789431924037,0.15904641921366
"aipw","Q4",-0.0638423220784742,0.182301890709112
