"method","ranking","estimate","std.err"
"aipw","Q1",-0.620072819778349,0.183272153760667
"aipw","Q2",-0.0856592764792127,0.170562961140461
"aipw","Q3",0.205079633940659,0.150106124905709
"aipw","Q4",-0.24214231765576,0.18831152486555
