"","ss_vegetation_binary","yhat"
"1",0,2.90785975817363
"2",1,2.89510084608687
