"","ss_vegetation_binary","yhat"
"1",0,6.64123439062526
"2",1,6.61078572539111
