"method","ranking","estimate","std.err"
"aipw","Q1",-0.547748058609514,0.140059409418705
"aipw","Q2",0.114042877111769,0.138107814162259
"aipw","Q3",-0.22675636620305,0.181950167807345
"aipw","Q4",-0.115740912726694,0.245280481037337
