"method","ranking","estimate","std.err"
"aipw","Q1",-0.243615712592885,0.089959999254007
"aipw","Q2",-0.247573293405559,0.0841955068133303
"aipw","Q3",-0.431185883231611,0.0975170699661628
"aipw","Q4",0.00516743871274182,0.0893037485778506
