"","ss_bike_lane_binary","yhat"
"1",0,4.26990089061173
"2",1,4.2714356837618
