"","ss_bike_lane_binary","yhat"
"1",0,4.27078570838189
"2",1,4.26382814580832
