"","ss_bike_lane_binary","yhat"
"1",0,5.5913740333949
"2",1,5.63632321653689
