"method","ranking","estimate","std.err"
"aipw","Q1",0.232832373197041,0.380313688383949
"aipw","Q2",-0.102674748508604,0.456273269020011
"aipw","Q3",0.723987542547576,0.310427187553121
"aipw","Q4",0.885759573984527,0.309482971574592
