"method","ranking","estimate","std.err"
"aipw","Q1",0.222365798333851,0.0501933412854975
"aipw","Q2",0.322781072081308,0.0505348736526651
"aipw","Q3",0.472800916448736,0.0562597380577975
"aipw","Q4",0.538411251511336,0.0697858140526232
