"method","ranking","estimate","std.err"
"aipw","Q1",0.447751521314266,0.360501864193022
"aipw","Q2",0.194238251754558,0.452110331782979
"aipw","Q3",0.477926615912194,0.232823150125954
"aipw","Q4",0.576773868164923,0.355239652624438
