"","slope_binary_80percent","yhat"
"1",0,4.28068454513785
"2",1,4.25798464984633
