"","slope_binary_80percent","yhat"
"1",0,4.28050876857139
"2",1,4.26007253025604
