"method","ranking","estimate","std.err"
"aipw","Q1",-0.333673946914567,0.220904755614281
"aipw","Q2",0.106699851910529,0.215667360261334
"aipw","Q3",-0.0139862824000113,0.170101141057461
"aipw","Q4",-0.410962975818899,0.226266702205575
