"method","ranking","estimate","std.err"
"aipw","Q1",-0.382154871565584,0.227346703239381
"aipw","Q2",0.10869417192233,0.205397736521374
"aipw","Q3",0.108720274178352,0.168628334277494
"aipw","Q4",-0.553592142430709,0.23830804274403
