"","ss_vegetation_binary_60percent","yhat"
"1",0,6.64764416230284
"2",1,6.61015251868123
