"method","ranking","estimate","std.err"
"aipw","Q1",-0.310593264755999,0.174321421786266
"aipw","Q2",0.059127636707416,0.167933320360285
"aipw","Q3",-0.17409331938604,0.164440506742048
"aipw","Q4",-0.199437868520176,0.211400894184184
