"","ss_bench_binary","yhat"
"1",0,2.90088611493734
"2",1,2.90432810620857
