"method","ranking","estimate","std.err"
"aipw","Q1",-0.0581322401057599,0.129037157966884
"aipw","Q2",-0.0874893994240388,0.130999017815226
"aipw","Q3",0.360287596308181,0.134292508223259
"aipw","Q4",-0.134797477645288,0.181842535506594
