"","slope_binary_75percent","yhat"
"1",0,6.63746627990575
"2",1,6.62128587612898
