"method","ranking","estimate","std.err"
"aipw","Q1",-0.136094194822374,0.226267492969818
"aipw","Q2",0.0718254360739835,0.180336828199654
"aipw","Q3",-0.154766742808302,0.231489497177628
"aipw","Q4",-0.122984811906833,0.167492867880405
