"","ss_vegetation_binary_60percent","yhat"
"1",0,4.25931090628082
"2",1,4.29160631261404
