"","ss_vegetation_binary_60percent","yhat"
"1",0,4.24789637630904
"2",1,4.29390311972169
