"method","ranking","estimate","std.err"
"aipw","Q1",0.0342280980336747,0.163897742295654
"aipw","Q2",0.0081769402046456,0.195399745187236
"aipw","Q3",0.203008005164598,0.167586268673951
"aipw","Q4",0.663617645362886,0.183639875126346
