"method","ranking","estimate","std.err"
"aipw","Q1",-0.130593411527138,0.177955928154299
"aipw","Q2",-0.086021057668224,0.177025763865754
"aipw","Q3",0.360797779493714,0.180753331199628
"aipw","Q4",0.702458579194427,0.174489065089707
