"","ss_vegetation_binary_65percent","yhat"
"1",0,6.6432377041956
"2",1,6.61989506627569
