"method","ranking","estimate","std.err"
"aipw","Q1",-0.277704506868052,0.142008205294466
"aipw","Q2",-0.262510396356495,0.150401552695235
"aipw","Q3",-0.198818502476251,0.166413972053108
"aipw","Q4",-0.191423496713815,0.204080873893073
