"","ss_sidewalk_binary_80percent","yhat"
"1",0,6.634761753974
"2",1,6.66653974799924
