"method","ranking","estimate","std.err"
"aipw","Q1",0.273956693164216,0.32225782917831
"aipw","Q2",0.0633320943891262,0.228397801611296
"aipw","Q3",0.367226308022915,0.311695371196332
"aipw","Q4",1.15970705295248,0.186622757378985
