"","ss_sidewalk_binary","yhat"
"1",0,2.89866127307121
"2",1,2.90668615162225
