"","ss_sidewalk_binary","yhat"
"1",0,6.60720105435993
"2",1,6.7123376888103
