"method","ranking","estimate","std.err"
"aipw","Q1",0.101066522153087,0.24072020392103
"aipw","Q2",0.583838908701844,0.165865786772603
"aipw","Q3",0.42438529309463,0.21771022036
"aipw","Q4",1.35824641035237,0.208512880437531
