"method","ranking","estimate","std.err"
"aipw","Q1",0.214817174314241,0.10570328821923
"aipw","Q2",-0.0380761134140003,0.103032751442981
"aipw","Q3",-0.0945173848195003,0.118853878205215
"aipw","Q4",0.50180500005142,0.12117906645516
