"","ss_vegetation_binary_65percent","yhat"
"1",0,4.25167977296909
"2",1,4.30235538748219
