"method","ranking","estimate","std.err"
"aipw","Q1",0.0911197601691238,0.180660009689936
"aipw","Q2",0.294209223931491,0.189523433449117
"aipw","Q3",0.188806671772314,0.183434311340745
"aipw","Q4",0.641259277782753,0.181931936692364
