"","ss_pedestrian_area_binary","yhat"
"1",0,2.89999876808408
"2",1,2.90036847882106
