"method","ranking","estimate","std.err"
"aipw","Q1",-0.0636449423772914,0.146484856451218
"aipw","Q2",-0.0552263079707192,0.379245174483647
"aipw","Q3",-0.235623762760899,0.500674549919998
"aipw","Q4",-0.631815402899252,0.397785669191478
