"method","ranking","estimate","std.err"
"aipw","Q1",0.214603425196057,0.0316523166731288
"aipw","Q2",0.344926108726086,0.0323700403678413
"aipw","Q3",0.442404116797718,0.0369450855934962
"aipw","Q4",0.75828207409586,0.0417160955304344
