"method","ranking","estimate","std.err"
"aipw","Q1",0.045066860926376,0.0278537661933485
"aipw","Q2",0.375807719399623,0.0320293865825896
"aipw","Q3",0.52403405492675,0.035755537122127
"aipw","Q4",0.700386384130703,0.0461647837573344
