"","ss_parking_binary","yhat"
"1",0,4.27452107188561
"2",1,4.26599394902575
