"","ss_parking_binary","yhat"
"1",0,4.27349578248494
"2",1,4.26291669518094
