"","ss_parking_binary","yhat"
"1",0,5.60126567555487
"2",1,5.58539102183511
