"method","ranking","estimate","std.err"
"aipw","Q1",-0.73553855100419,0.264755334649307
"aipw","Q2",-0.069064594988213,0.269116691782854
"aipw","Q3",0.237946205993874,0.236772192307701
"aipw","Q4",0.151930362112473,0.267877674150575
