"method","ranking","estimate","std.err"
"aipw","Q1",-0.00984591741789714,0.0651051656810631
"aipw","Q2",0.0417642299060757,0.0855922535131993
"aipw","Q3",-0.0119429736263768,0.0658367877190722
"aipw","Q4",0.0248750296001141,0.0768908038102976
