"method","ranking","estimate","std.err"
"aipw","Q1",-0.496350821045177,0.269891301176045
"aipw","Q2",-0.329729145617503,0.286935629065676
"aipw","Q3",0.240993342161471,0.228444933541035
"aipw","Q4",0.255747845118663,0.2606941777343
