"","ss_street_light_binary","yhat"
"1",0,5.59396008155579
"2",1,5.60324058745194
