"","ss_street_light_binary","yhat"
"1",0,4.27095868100722
"2",1,4.27747970927891
