"","ss_street_light_binary","yhat"
"1",0,4.26753085534155
"2",1,4.27952047253753
