"method","ranking","estimate","std.err"
"aipw","Q1",0.261411230851201,0.171193761001632
"aipw","Q2",0.272232616222527,0.19878458761774
"aipw","Q3",0.0531552209651864,0.164645330964276
"aipw","Q4",0.100477798827447,0.172796209134164
