"method","ranking","estimate","std.err"
"aipw","Q1",0.150217095564636,0.0523235051038061
"aipw","Q2",-0.0386840455148096,0.0519960750866736
"aipw","Q3",0.0274633025551757,0.0541742561457937
"aipw","Q4",0.0799731879126986,0.0548079890162888
