"method","ranking","estimate","std.err"
"aipw","Q1",0.546752692015026,0.189158584427909
"aipw","Q2",0.205101318801164,0.184947017400696
"aipw","Q3",0.199958856330319,0.158732026019703
"aipw","Q4",-0.287049217096735,0.173310313204006
