"","slope_binary_65percent","yhat"
"1",0,4.28322387574367
"2",1,4.25357991748685
