"method","ranking","estimate","std.err"
"aipw","Q1",-0.442840782125959,0.189664388006432
"aipw","Q2",-0.0903333573379548,0.175221030994528
"aipw","Q3",-0.105339318606343,0.170746279023539
"aipw","Q4",-0.19339614319314,0.187870623335862
