"","slope_binary_75percent","yhat"
"1",0,4.27657569657218
"2",1,4.25719340088895
