"method","ranking","estimate","std.err"
"aipw","Q1",0.0673877602304872,0.190396477478797
"aipw","Q2",0.0041025530995622,0.19179445819389
"aipw","Q3",-0.223000227832387,0.18183209057109
"aipw","Q4",-0.436828819265614,0.204551582498443
