"","ss_sidewalk_binary_60percent","yhat"
"1",0,6.54705097982847
"2",1,6.71060444873338
