"method","ranking","estimate","std.err"
"aipw","Q1",0.333982042417049,0.202623242715423
"aipw","Q2",0.517921537420265,0.17916313729594
"aipw","Q3",0.571437768323467,0.206433011095288
"aipw","Q4",1.2305901210751,0.194271419145036
