"method","ranking","estimate","std.err"
"aipw","Q1",-0.625501693634957,0.046339410239285
"aipw","Q2",-0.486696598385774,0.0409986238176274
"aipw","Q3",-0.328399222157702,0.0376302206906953
"aipw","Q4",-0.0358871232078601,0.0335435213810612
