"","slope_binary_65percent","yhat"
"1",0,6.63784952151488
"2",1,6.63045257560244
