"method","ranking","estimate","std.err"
"aipw","Q1",0.27464865804986,0.211135650801366
"aipw","Q2",-0.400106098313014,0.201908736932325
"aipw","Q3",0.0683503444975971,0.186427897992241
"aipw","Q4",0.151396270389946,0.162278905553946
