"method","ranking","estimate","std.err"
"aipw","Q1",-0.586201830455989,0.0493499289783774
"aipw","Q2",-0.515082135991949,0.0430861727518522
"aipw","Q3",-0.258474785044408,0.0343862434395998
"aipw","Q4",-0.0977746051899454,0.0354591785534776
