"","slope_binary","yhat"
"1",0,2.892766003434
"2",1,2.92219753835402
