"","slope_binary","yhat"
"1",0,6.6357409405508
"2",1,6.62834487515167
