"method","ranking","estimate","std.err"
"aipw","Q1",0.0449701751109385,0.233359640378313
"aipw","Q2",0.166397431687877,0.191494197646864
"aipw","Q3",-0.0334655690593271,0.198141098420623
"aipw","Q4",-0.0534977431092605,0.176597735095932
