"method","ranking","estimate","std.err"
"aipw","Q1",-0.0702534207815204,0.113553673651315
"aipw","Q2",0.255756491184481,0.117330711382729
"aipw","Q3",0.333554106939678,0.123453397869859
"aipw","Q4",0.422719870244143,0.1246190832134
