"","ss_guard_rail_binary","yhat"
"1",0,2.90714200820618
"2",1,2.89299051312305
