"","ss_guard_rail_binary","yhat"
"1",0,6.65792100220326
"2",1,6.57705243091026
