"method","ranking","estimate","std.err"
"aipw","Q1",-0.563776494375585,0.107394735589519
"aipw","Q2",-0.173128548345408,0.127306266357006
"aipw","Q3",-0.147124219470732,0.10787334430465
"aipw","Q4",-0.106589487008853,0.115290313779511
