"method","ranking","estimate","std.err"
"aipw","Q1",-0.909633396616403,0.274446740164149
"aipw","Q2",-0.676852909516165,0.270707519745109
"aipw","Q3",-0.675377819438354,0.335668498652229
"aipw","Q4",0.00480327738618712,0.181620456948643
