"","ss_curb_binary","yhat"
"1",0,846.76840535872
"2",1,841.270941570951
