"","ss_vegetation_binary_75percent","yhat"
"1",0,6.6386709244546
"2",1,6.6130216880077
