"method","ranking","estimate","std.err"
"aipw","Q1",-0.471546991343253,0.163779332011537
"aipw","Q2",-0.233407631017655,0.165238113610059
"aipw","Q3",0.0078053167948396,0.145689625584269
"aipw","Q4",-0.0276481806455364,0.28496497147172
