"","ss_vegetation_binary","yhat"
"1",0,4.25134408004196
"2",1,4.29005902416105
