"","ss_vegetation_binary","yhat"
"1",0,4.25811331071264
"2",1,4.29004532522751
