"","ss_vegetation_binary","yhat"
"1",0,5.58023632065421
"2",1,5.61760305635763
