"method","ranking","estimate","std.err"
"aipw","Q1",0.442530983997545,0.161446844532855
"aipw","Q2",-0.0398835833450028,0.222339105866661
"aipw","Q3",0.128545411177638,0.201253280026795
"aipw","Q4",0.606805607652199,0.167648075343927
