"method","ranking","estimate","std.err"
"aipw","Q1",0.104255484267179,0.0555800345511954
"aipw","Q2",0.282219286244635,0.04590317331028
"aipw","Q3",0.346192959037324,0.0482706091630525
"aipw","Q4",0.487712729947472,0.056063916964325
