"method","ranking","estimate","std.err"
"aipw","Q1",0.252506225257155,0.159036414008915
"aipw","Q2",-0.0699067485300502,0.20060137421831
"aipw","Q3",0.14282416237664,0.210601884865722
"aipw","Q4",0.712775448723393,0.173077504505624
