"","ss_vegetation_binary_75percent","yhat"
"1",0,4.26600060988246
"2",1,4.2902475121937
