"method","ranking","estimate","std.err"
"aipw","Q1",0.376665466162615,0.169990395477755
"aipw","Q2",0.464530961952456,0.190579403810399
"aipw","Q3",0.0245521409491091,0.223184948649904
"aipw","Q4",0.333587136258546,0.203765112993082
