"","ss_vegetation_binary_80percent","yhat"
"1",0,4.27115620394251
"2",1,4.28013526586712
