"","ss_vegetation_binary_80percent","yhat"
"1",0,4.27377055622793
"2",1,4.28177892376898
