"method","ranking","estimate","std.err"
"aipw","Q1",0.247247620840738,0.198782703882502
"aipw","Q2",0.357990550965729,0.202188343018091
"aipw","Q3",0.424554828038911,0.169856359582483
"aipw","Q4",0.120527045713427,0.158256339292608
