"method","ranking","estimate","std.err"
"aipw","Q1",0.261865203099928,0.234195623381499
"aipw","Q2",0.402688298659257,0.159264771219877
"aipw","Q3",0.430782210638424,0.166345969325898
"aipw","Q4",0.0827934142532244,0.158900735278527
