"","slope_binary_80percent","yhat"
"1",0,6.64414565667021
"2",1,6.62326135257483
