"method","ranking","estimate","std.err"
"aipw","Q1",-0.0496467307041101,0.225305455703978
"aipw","Q2",-0.081951618927304,0.252859523764393
"aipw","Q3",-0.0978887909225966,0.160653761543884
"aipw","Q4",-0.599876853783116,0.294619494525458
