"","ss_vegetation_binary_80percent","yhat"
"1",0,6.63874138253839
"2",1,6.62976839247542
