"method","ranking","estimate","std.err"
"aipw","Q1",-0.109663327927923,0.123087625979988
"aipw","Q2",-0.163654119485348,0.164620163920366
"aipw","Q3",0.00161754505384666,0.247279193792027
"aipw","Q4",0.0590720455527091,0.220760187452064
