"","ss_street_light_binary","yhat"
"1",0,2.89890531893603
"2",1,2.89926774836552
