"","ss_street_light_binary","yhat"
"1",0,6.64349702055231
"2",1,6.63765943330868
