"method","ranking","estimate","std.err"
"aipw","Q1",0.0345649996576369,0.137837725093201
"aipw","Q2",0.0672768979580471,0.211805274348275
"aipw","Q3",-0.065226010726293,0.20925143558007
"aipw","Q4",-0.34795155820652,0.219781421433357
