"method","ranking","estimate","std.err"
"aipw","Q1",0.0924635996709518,0.122293383255834
"aipw","Q2",-0.23210396599399,0.107540377791256
"aipw","Q3",0.0406844033032252,0.127070318183798
"aipw","Q4",0.188627402855391,0.132689416558594
