"","ss_pothole_binary","yhat"
"1",0,5.6004552466166
"2",1,5.57445748997093
