"method","ranking","estimate","std.err"
"aipw","Q1",-0.0199655087669828,0.130616408361418
"aipw","Q2",0.0457511128750053,0.128598118191929
"aipw","Q3",-0.201323130708354,0.161452767275871
"aipw","Q4",0.0852782261161113,0.119656724422764
